task_id,case_id,conference,paper_id,scenario_tags,chair_prompt_id,chair_focus_area,chair_steering_prompt,submission_title,abstract_short,keywords,cfp_excerpt,manuscript_excerpt,verdict,decision,finding_rule_id,finding_source,finding_severity,finding_message,evidence_excerpt,remediation,expected_behavior,human_label,grounded,severity_ok,actionable,llm_block_contract_violation,reviewer_notes
gating_llm_0004,iclr_2023_tinypapers_-CH1C-aQ5pk_valid_baseline,ICLR 2023 TinyPapers,-CH1C-aQ5pk,valid_baseline; llm_evidence_sufficiency; manual_review,valid_baseline_v1,general_submission_readiness,"You are helping the program chair of ICLR 2023 TinyPapers review a draft before the author submits it. Check whether the paper raises any clear content-readiness concern that the author should fix before submission. If no serious concern is visible, keep the feedback brief and avoid inventing problems. Do not reject the paper; focus on advice the author can act on before submission.",-CH1C-aQ5pk (title unavailable in dataset cache),,,"Call for Tiny Papers, a DEI initiative

Email: iclr.dei.2023@gmail.com

Accepted conference papers at ICLR represent a high level of scientific quality. The other side of the coin is that they can be out of reach for those starting out, or from different backgrounds. We want paper publishing to be not only a showcase of achievements, but also a marker for valuable learning experiences made accessible to beginners and outsiders. Devising more ways to mark milestones and measure growth in an individual, or community’s maturity, is greatly conducive to both continually pushing the frontiers of science, and lifting people up in this process.

Researchers from underrepresented backgrounds are not necessarily equipped with the same resources to publish full papers from the start of their scientific journeys. To create a more inclusive ICLR community, we as organizers need to create more pathways, and reasons for people from various backgrounds to enter, stay, and grow in the machine learning community.

To that end, we are launching a more approachable format to publish, kick-start, and collaborate on ideas, “Tiny Papers,” as part of the DEI initiative of ICLR 2023, with the hope to attract more underrepresented, under-resourced, and budding researchers to join the community in a meaningful way. Not only will this additional, and different, venue to publish usher in new researchers, it will also serve as an efficient platform for disseminating ideas, findings, and opinions.

The ob",,pass,accept_for_review,no_content_finding,llm_content_evaluation,pass,No chair steering concern was returned for this submission.,,,"The workflow may warn about content fit or readiness, but it must not block the submission without a deterministic rule.",,,,,False,
gating_llm_0003,iclr_2023_tinypapers_1yXbt6_o6av_llm_scope_relevance,ICLR 2023 TinyPapers,1yXbt6_o6av,llm_scope_relevance; llm_missing_limitations; manual_review,llm_scope_relevance_v1,conference_fit,"You are helping the program chair of ICLR 2023 TinyPapers review a draft before the author submits it. Check whether the paper fits the conference themes and explain any mismatch the author should address before submission. If the fit is unclear, give a specific warning and a practical fix. Do not reject the paper; focus on advice the author can act on before submission.",1yXbt6_o6av (title unavailable in dataset cache),,,"Call for Tiny Papers, a DEI initiative

Email: iclr.dei.2023@gmail.com

Accepted conference papers at ICLR represent a high level of scientific quality. The other side of the coin is that they can be out of reach for those starting out, or from different backgrounds. We want paper publishing to be not only a showcase of achievements, but also a marker for valuable learning experiences made accessible to beginners and outsiders. Devising more ways to mark milestones and measure growth in an individual, or community’s maturity, is greatly conducive to both continually pushing the frontiers of science, and lifting people up in this process.

Researchers from underrepresented backgrounds are not necessarily equipped with the same resources to publish full papers from the start of their scientific journeys. To create a more inclusive ICLR community, we as organizers need to create more pathways, and reasons for people from various backgrounds to enter, stay, and grow in the machine learning community.

To that end, we are launching a more approachable format to publish, kick-start, and collaborate on ideas, “Tiny Papers,” as part of the DEI initiative of ICLR 2023, with the hope to attract more underrepresented, under-resourced, and budding researchers to join the community in a meaningful way. Not only will this additional, and different, venue to publish usher in new researchers, it will also serve as an efficient platform for disseminating ideas, findings, and opinions.

The ob",,pass,accept_for_review,no_content_finding,llm_content_evaluation,pass,No chair steering concern was returned for this submission.,,,"The workflow may warn about content fit or readiness, but it must not block the submission without a deterministic rule.",,,,,False,
gating_llm_0002,corl_2023_conference_-3G6_D66Aua_llm_evidence_sufficiency,CoRL 2023 Conference,-3G6_D66Aua,llm_evidence_sufficiency; llm_missing_limitations; manual_review,llm_evidence_sufficiency_v1,evidence_quality,"You are helping the program chair of CoRL 2023 Conference review a draft before the author submits it. Check whether the paper provides enough evidence for its main claims, including experiments, comparisons, or validation details appropriate for the conference. If the evidence looks thin, give the author a specific warning and a practical fix. Do not reject the paper; focus on advice the author can act on before submission.",-3G6_D66Aua (title unavailable in dataset cache),,,"Call for Papers — CoRL 2023

Call for papers

CoRL publishes significant original research at the intersection of robotics and machine learning. CoRL is a selective, single-track international conference addressing theory and practice of machine learning for robots. CoRL welcomes papers in areas such as:

Learning representations for robotic perception and control
Learning robot foundation models or general-purpose knowledge systems for robotics
Imitation learning for robotics, e.g. by behavioral cloning and/or inverse reinforcement learning
Reinforcement learning for control of physical robots
Model-based and model-free learning for robotic control and decision-making
Combination of learning- and planning-based approaches in robotics
Probabilistic learning and representation of uncertainty in robotics
Automatic robotic data generation for learning methods in robotics
Learning for Robot Task and Motion Planning
Learning for multimodal robot perception, sensor fusion, and robot vision
Learning for human-robot interaction and robot instruction by natural language, gestures as well as alternative devices
Learning for hardware design and optimization
Applications of robot learning in robot manipulation, navigation, locomotion, driving, flight, and other areas of robotics
Robot systems, hardware, and sensors for learning and data-driven approaches

Submissions should focus on a core robotics problem and demonstrate the relevance of proposed models, algorithms, datasets, and benchm",,pass,accept_for_review,no_content_finding,llm_content_evaluation,pass,No chair steering concern was returned for this submission.,,,"The workflow may warn about content fit or readiness, but it must not block the submission without a deterministic rule.",,,,,False,
gating_llm_0001,corl_2022_conference_-8Kt5J-9AI_llm_missing_limitations,CoRL 2022 Conference,-8Kt5J-9AI,llm_missing_limitations; manual_review,llm_missing_limitations_v1,readiness_and_limitations,"You are helping the program chair of CoRL 2022 Conference review a draft before the author submits it. Check whether the paper clearly explains its limitations, risks, and situations where the results may not hold. If this is weak or missing, give the author a specific warning and a practical fix. Do not reject the paper; focus on advice the author can act on before submission.",-8Kt5J-9AI (title unavailable in dataset cache),,,"CoRL 2022 : Conference on Robot Learning

When: Dec 14, 2022 - Dec 18, 2022
Where: Auckland, New Zealand
Submission Deadline: Jun 15, 2022
Notification Due: Sep 10, 2022
Final Version Due: Oct 15, 2022

Call For Papers

CoRL publishes significant original research at the intersection of robotics and machine learning. CoRL is a selective, single-track international conference addressing theory and practice of machine learning for robots (and automation: where robot prototypes are scaled for cost effectiveness, efficiency, and reliability in practice). CoRL welcomes papers in areas such as: - Use and development of reinforcement learning for control of physical robots - Imitation learning for robotics, e.g. by behavioral cloning or inverse reinforcement learning - Model-free learning for robot decision-making - Bio-inspired robot learning and control - Probabilistic learning and representation of uncertainty in robotics - Model learning, i.e., learning for robot structure and system identification - Robot state estimation, localization and mapping - Learning for Robot Task and Motion Planning - Learning for multimodal robot perception, sensor fusion, and robot vision - Learning for human-robot interaction and robot instruction by natural language, gestures as well as alternative devices - Applications of robot learning in robot manipulation, navigation, driving, flight, and other areas of robotics - Robot systems, hardware, and sensors for learning and data-driven approaches Su","Our evaluation assumes that the human selects objects that belong to the same category. ... Hardware constraints also impacted our evaluation. ... Also, our system assumed the belt’s velocity was the velocity of every object. When this assumption breaks, the robot miscalculates objects’ distances. ... Additionally, we evaluated our approach on a relatively small diversity of objects compared to what is expected in a Materials Recovery Facility (MRF) on a relatively sparse and slow belt.",pass,accept_for_review,limitations_and_futures_present,llm_content_evaluation,pass,"The paper clearly states several limitations and conditions where the results may not hold, including the assumption that the human selects objects from the same category, hardware constraints that caused missed items and accidental removals, a velocity assumption that can break, and limited diversity and speed of the evaluated belt.","Our evaluation assumes that the human selects objects that belong to the same category. ... Hardware constraints also impacted our evaluation. ... Also, our system assumed the belt’s velocity was the velocity of every object. When this assumption breaks, the robot miscalculates objects’ distances. ... Additionally, we evaluated our approach on a relatively small diversity of objects compared to what is expected in a Materials Recovery Facility (MRF) on a relatively sparse and slow belt.","The paper clearly states several limitations and conditions where the results may not hold, including the assumption that the human selects objects from the same category, hardware constraints that caused missed items and accidental removals, a velocity assumption that can break, and limited diversity and speed of the evaluated belt.","The workflow may warn about content fit or readiness, but it must not block the submission without a deterministic rule.",,,,,False,
gating_llm_0007,ieee_icist_2024_conference_NKhQ1UEQFb_llm_scope_relevance,IEEE ICIST 2024 Conference,NKhQ1UEQFb,llm_scope_relevance; llm_evidence_sufficiency; manual_review,llm_scope_relevance_v1,conference_fit,"You are helping the program chair of IEEE ICIST 2024 Conference review a draft before the author submits it. Check whether the paper fits the conference themes and explain any mismatch the author should address before submission. If the fit is unclear, give a specific warning and a practical fix. Do not reject the paper; focus on advice the author can act on before submission.",Safety-critical Obstacle Avoidance Control of Autonomous Surface Vehicles with Uncertainties and Disturbances,"This paper proposes a safety-critical obstacle avoidance control approach for autonomous surface vehicles (ASVs) with disturbances and uncertainties. The existing exponential control barrier functions (ECBF) are extended to handle unknown disturbances, leading to the development of input-to-state safe exponential control barrier functions (ISSf-ECBFs). An extended state observer is used to estimate unknown external marine disturbances and internal model uncertainties, based on which an anti-d...",,"ICIST 2024 - International Conference on Information System and Technology
Bangkok, Thailand | June 29-30, 2024
Sponsor: Engineering Technology Development and Innovation Society

Call for Papers

The prime focus of ICIST is to foster academic exchanges in the dynamic field of information system technology. In today's interconnected world, information technology has profoundly revolutionized business operations and social interactions. By transforming data into organizational knowledge, information systems have become the cornerstone for organizations across many fields, facilitating smooth communication, efficient operations, and strategic decision-making.

This is the first edition, and it will be in-person or hybrid. ICIST 2024 will be held in Bangkok, Thailand, from June 29th-30th, 2024. We cordially invite submissions presenting original high-quality research in various areas of information technology, including information system design, enterprise system development, data management, information security, and more.

Call for Paper
Contributed papers are solicited describing original works in Information Systems and Technology. Conference topics include, but are not limited to:
- Information Systems Management and Strategy
- Data Management and Business Intelligence
- E-commerce and Digital Marketing
- Enterprise Systems and Digital Transformation
- Emerging Technologies and Innovations in Information Systems
- Information Security and Privacy

Important Dates
Full Pape",,pass,accept_for_review,no_content_finding,llm_content_evaluation,pass,No chair steering concern was returned for this submission.,,,"The workflow may warn about content fit or readiness, but it must not block the submission without a deterministic rule.",,,,,False,
gating_llm_0005,iclr_2023_tinypapers_5lZaexgIey_llm_missing_limitations,ICLR 2023 TinyPapers,5lZaexgIey,llm_missing_limitations; llm_scope_relevance; manual_review,llm_missing_limitations_v1,readiness_and_limitations,"You are helping the program chair of ICLR 2023 TinyPapers review a draft before the author submits it. Check whether the paper clearly explains its limitations, risks, and situations where the results may not hold. If this is weak or missing, give the author a specific warning and a practical fix. Do not reject the paper; focus on advice the author can act on before submission.",5lZaexgIey (title unavailable in dataset cache),,,"Call for Tiny Papers, a DEI initiative

Email: iclr.dei.2023@gmail.com

Accepted conference papers at ICLR represent a high level of scientific quality. The other side of the coin is that they can be out of reach for those starting out, or from different backgrounds. We want paper publishing to be not only a showcase of achievements, but also a marker for valuable learning experiences made accessible to beginners and outsiders. Devising more ways to mark milestones and measure growth in an individual, or community’s maturity, is greatly conducive to both continually pushing the frontiers of science, and lifting people up in this process.

Researchers from underrepresented backgrounds are not necessarily equipped with the same resources to publish full papers from the start of their scientific journeys. To create a more inclusive ICLR community, we as organizers need to create more pathways, and reasons for people from various backgrounds to enter, stay, and grow in the machine learning community.

To that end, we are launching a more approachable format to publish, kick-start, and collaborate on ideas, “Tiny Papers,” as part of the DEI initiative of ICLR 2023, with the hope to attract more underrepresented, under-resourced, and budding researchers to join the community in a meaningful way. Not only will this additional, and different, venue to publish usher in new researchers, it will also serve as an efficient platform for disseminating ideas, findings, and opinions.

The ob","During a six week period, we distributed a google form containing closed-ended questions to medical students and physicians in University of Ilorin ... A convenience sampling technique was used to pick the sample population.",warn,manual_review,limitations_missing_or_weak,llm_content_evaluation,warn,"The draft describes a single-site cross-sectional survey with convenience sampling, but it does not explicitly explain the study's limitations, risks, or when the results may not generalize. That makes it harder for readers to judge how much confidence to place in the findings.","During a six week period, we distributed a google form containing closed-ended questions to medical students and physicians in University of Ilorin ... A convenience sampling technique was used to pick the sample population.","Add a short limitations paragraph before the conclusion that names the main constraints of the design and scope, explains how they may affect interpretation, and states where the findings may not hold (for example, beyond University of Ilorin or beyond convenience-sampled respondents).","The workflow may warn about content fit or readiness, but it must not block the submission without a deterministic rule.",,,,,False,
gating_llm_0006,iclr_2023_tinypapers_0GpMf9UeI3G_llm_evidence_sufficiency,ICLR 2023 TinyPapers,0GpMf9UeI3G,llm_evidence_sufficiency; valid_baseline; manual_review,llm_evidence_sufficiency_v1,evidence_quality,"You are helping the program chair of ICLR 2023 TinyPapers review a draft before the author submits it. Check whether the paper provides enough evidence for its main claims, including experiments, comparisons, or validation details appropriate for the conference. If the evidence looks thin, give the author a specific warning and a practical fix. Do not reject the paper; focus on advice the author can act on before submission.",0GpMf9UeI3G (title unavailable in dataset cache),,,"Call for Tiny Papers, a DEI initiative

Email: iclr.dei.2023@gmail.com

Accepted conference papers at ICLR represent a high level of scientific quality. The other side of the coin is that they can be out of reach for those starting out, or from different backgrounds. We want paper publishing to be not only a showcase of achievements, but also a marker for valuable learning experiences made accessible to beginners and outsiders. Devising more ways to mark milestones and measure growth in an individual, or community’s maturity, is greatly conducive to both continually pushing the frontiers of science, and lifting people up in this process.

Researchers from underrepresented backgrounds are not necessarily equipped with the same resources to publish full papers from the start of their scientific journeys. To create a more inclusive ICLR community, we as organizers need to create more pathways, and reasons for people from various backgrounds to enter, stay, and grow in the machine learning community.

To that end, we are launching a more approachable format to publish, kick-start, and collaborate on ideas, “Tiny Papers,” as part of the DEI initiative of ICLR 2023, with the hope to attract more underrepresented, under-resourced, and budding researchers to join the community in a meaningful way. Not only will this additional, and different, venue to publish usher in new researchers, it will also serve as an efficient platform for disseminating ideas, findings, and opinions.

The ob",,pass,accept_for_review,no_content_finding,llm_content_evaluation,pass,No chair steering concern was returned for this submission.,,,"The workflow may warn about content fit or readiness, but it must not block the submission without a deterministic rule.",,,,,False,
gating_llm_0010,midl_2023_conference_-ahfrpMo9ui_llm_evidence_sufficiency,MIDL 2023 Conference,-ahfrpMo9ui,llm_evidence_sufficiency; llm_missing_limitations; manual_review,llm_evidence_sufficiency_v1,evidence_quality,"You are helping the program chair of MIDL 2023 Conference review a draft before the author submits it. Check whether the paper provides enough evidence for its main claims, including experiments, comparisons, or validation details appropriate for the conference. If the evidence looks thin, give the author a specific warning and a practical fix. Do not reject the paper; focus on advice the author can act on before submission.",-ahfrpMo9ui (title unavailable in dataset cache),,,"Call for papers | MIDL 2023

We welcome submissions, as full or short papers, for the 6th edition of Medical Imaging with Deep Learning (MIDL 2023). MIDL is a forum for deep learning researchers, clinicians and health-care companies working at the intersection of machine learning and medical image analysis. MIDL 2023 will be an in-person event in Nashville, USA, if the pandemic conditions permit. At least one co-author is expected to register for the conference. The conference will be streamed online as always.

MIDL has a large scope including all areas where deep learning is used to analyze biomedical imaging data. Topics of interest include but are not limited to:
- Validation studies and deep learning applications in radiology, pathology, endoscopy, dermatology, ophthalmology, and beyond.
- Integration of imaging and clinical data
- Interpretability and explainable deep learning
- Uncertainty estimation
- Unsupervised deep learning and representation learning
- Learning with noisy labels and limited data
- Transfer learning and domain adaptation
- Image acquisition, reconstruction and synthesis
- Computer-aided detection and diagnosis
- Learning based image registration
- Segmentation of medical images

Submissions presenting validation studies demonstrating clinical relevance and novel applications are encouraged as much as novel methodological contributions.

Inquiries to the program chairs can be addressed directly to [email protected].

Two-Track Submissions
Conferenc","This framework can be applied to any target site as a per-laboratory calibration method, for widescale deployment.",warn,manual_review,evidence_scope_widescale_deployment,llm_content_evaluation,warn,"The paper claims the framework ""can be applied to any target site"" / ""for widescale deployment,"" but the validation shown here is on a single target-domain dataset from UHN. That evidence supports a site-specific adaptation result, but not the broader deployment claim as written.","This framework can be applied to any target site as a per-laboratory calibration method, for widescale deployment.","Soften the deployment claim to match the evidence, or add external validation on additional target sites/laboratories to support a broader generalization claim.","The workflow may warn about content fit or readiness, but it must not block the submission without a deterministic rule.",,,,,False,
gating_llm_0010,midl_2023_conference_-ahfrpMo9ui_llm_evidence_sufficiency,MIDL 2023 Conference,-ahfrpMo9ui,llm_evidence_sufficiency; llm_missing_limitations; manual_review,llm_evidence_sufficiency_v1,evidence_quality,"You are helping the program chair of MIDL 2023 Conference review a draft before the author submits it. Check whether the paper provides enough evidence for its main claims, including experiments, comparisons, or validation details appropriate for the conference. If the evidence looks thin, give the author a specific warning and a practical fix. Do not reject the paper; focus on advice the author can act on before submission.",-ahfrpMo9ui (title unavailable in dataset cache),,,"Call for papers | MIDL 2023

We welcome submissions, as full or short papers, for the 6th edition of Medical Imaging with Deep Learning (MIDL 2023). MIDL is a forum for deep learning researchers, clinicians and health-care companies working at the intersection of machine learning and medical image analysis. MIDL 2023 will be an in-person event in Nashville, USA, if the pandemic conditions permit. At least one co-author is expected to register for the conference. The conference will be streamed online as always.

MIDL has a large scope including all areas where deep learning is used to analyze biomedical imaging data. Topics of interest include but are not limited to:
- Validation studies and deep learning applications in radiology, pathology, endoscopy, dermatology, ophthalmology, and beyond.
- Integration of imaging and clinical data
- Interpretability and explainable deep learning
- Uncertainty estimation
- Unsupervised deep learning and representation learning
- Learning with noisy labels and limited data
- Transfer learning and domain adaptation
- Image acquisition, reconstruction and synthesis
- Computer-aided detection and diagnosis
- Learning based image registration
- Segmentation of medical images

Submissions presenting validation studies demonstrating clinical relevance and novel applications are encouraged as much as novel methodological contributions.

Inquiries to the program chairs can be addressed directly to [email protected].

Two-Track Submissions
Conferenc",Five training regimes were tested on two validated Ki-67 scoring architectures (UV-Net and piNET)... The SS+GS method yielded significant (p < 0.05) higher PI accuracy (95.9%) and more consistent results compared to the GS Only model on target data.,warn,manual_review,evidence_support_experiments,llm_content_evaluation,pass,"The main performance claims are backed by comparative experiments across five training regimes, two architectures, 3-fold cross-validation, and held-out source/target testing with statistical testing.",Five training regimes were tested on two validated Ki-67 scoring architectures (UV-Net and piNET)... The SS+GS method yielded significant (p < 0.05) higher PI accuracy (95.9%) and more consistent results compared to the GS Only model on target data.,"The main performance claims are backed by comparative experiments across five training regimes, two architectures, 3-fold cross-validation, and held-out source/target testing with statistical testing.","The workflow may warn about content fit or readiness, but it must not block the submission without a deterministic rule.",,,,,False,
gating_llm_0009,log_2022_conference_-H-AKyXZnHn_llm_missing_limitations,LOG 2022 Conference,-H-AKyXZnHn,llm_missing_limitations; llm_evidence_sufficiency; manual_review,llm_missing_limitations_v1,readiness_and_limitations,"You are helping the program chair of LOG 2022 Conference review a draft before the author submits it. Check whether the paper clearly explains its limitations, risks, and situations where the results may not hold. If this is weak or missing, give the author a specific warning and a practical fix. Do not reject the paper; focus on advice the author can act on before submission.",-H-AKyXZnHn (title unavailable in dataset cache),,,"LoG 2022 : Learning on Graphs

When: Dec 8, 2022 - Dec 11, 2022
Where: Virtual
Abstract Registration Due: Sep 9, 2022
Submission Deadline: Sep 16, 2022
Notification Due: Nov 24, 2022
Final Version Due: Nov 30, 2022

Call For Papers

We welcome papers from areas broadly related to learning on graphs and geometry. The LoG conference has a proceedings track with papers published in Proceedings for Machine Learning Research (PMLR) and a non-archival extended abstract track. Papers can be submitted through OpenReview using our LaTeX style files (coming soon). Papers are reviewed double-blind, and reviews are rated for their quality by authors and area chairs. The top reviewers receive high monetary rewards, as described below.

Important Dates
(All deadlines are “Anywhere On Earth”.) September 9th, 2022: Abstract Submission Deadline (both Tracks) September 16th, 2022: Submission Deadline (both Tracks) October 20th, 2022: 2 Week Paper Revision Period Starts November 3rd, 2022: Paper Revision Period Ends November 24th, 2022: Final Decisions Released November 30th, 2022: Camera Ready Deadline December 9th, 2022: Conference Starts (Virtual, free to attend)

Proceedings Track
Accepted proceedings papers will be published in the Proceedings for Machine Learning Research (PMLR) and are eligible for our proceedings spotlights. Full proceedings papers can have up to 9 pages with unlimited pages for references and appendix. Submitted papers cannot be already published or under review in any","Note that the benchmark settings of these datasets sample a small portion of negative edges for the test evaluation, which is not challenging enough to evaluate the scalability of LP decoders on retrieving the top scoring neighbors from massive candidates in practice. However, extremely small values of the number of iterations and the number of retrieved neighbors per iteration result in poor performances.",warn,manual_review,limitations-clarity,llm_content_evaluation,warn,"The draft includes some caveats, but they are scattered rather than clearly presented as a focused limitations/risk discussion. The strongest explicit caveat is that standard OGB test settings are ""not challenging enough to evaluate the scalability of LP decoders on retrieving the top scoring neighbors from massive candidates in practice,"" and the ablation also shows that ""extremely small values"" of key hyperparameters cause poor performance. A clearer limitations section would help readers see when the reported speedups and retrieval quality may not hold.","Note that the benchmark settings of these datasets sample a small portion of negative edges for the test evaluation, which is not challenging enough to evaluate the scalability of LP decoders on retrieving the top scoring neighbors from massive candidates in practice.

However, extremely small values of the number of iterations and the number of retrieved neighbors per iteration result in poor performances.","Add a dedicated limitations section that explicitly lists the main failure modes and applicability boundaries: the evaluation protocol used, the dependence on sufficient iterations/retrieval budget, and any conditions under which Flashlight may not achieve the reported recall or speedups.","The workflow may warn about content fit or readiness, but it must not block the submission without a deterministic rule.",,,,,False,
gating_llm_0011,midl_2023_conference_-8mexJCWH_-_llm_scope_relevance,MIDL 2023 Conference,-8mexJCWH_-,llm_scope_relevance; llm_evidence_sufficiency; manual_review,llm_scope_relevance_v1,conference_fit,"You are helping the program chair of MIDL 2023 Conference review a draft before the author submits it. Check whether the paper fits the conference themes and explain any mismatch the author should address before submission. If the fit is unclear, give a specific warning and a practical fix. Do not reject the paper; focus on advice the author can act on before submission.",-8mexJCWH_- (title unavailable in dataset cache),,,"Call for papers | MIDL 2023

We welcome submissions, as full or short papers, for the 6th edition of Medical Imaging with Deep Learning (MIDL 2023). MIDL is a forum for deep learning researchers, clinicians and health-care companies working at the intersection of machine learning and medical image analysis. MIDL 2023 will be an in-person event in Nashville, USA, if the pandemic conditions permit. At least one co-author is expected to register for the conference. The conference will be streamed online as always.

MIDL has a large scope including all areas where deep learning is used to analyze biomedical imaging data. Topics of interest include but are not limited to:
- Validation studies and deep learning applications in radiology, pathology, endoscopy, dermatology, ophthalmology, and beyond.
- Integration of imaging and clinical data
- Interpretability and explainable deep learning
- Uncertainty estimation
- Unsupervised deep learning and representation learning
- Learning with noisy labels and limited data
- Transfer learning and domain adaptation
- Image acquisition, reconstruction and synthesis
- Computer-aided detection and diagnosis
- Learning based image registration
- Segmentation of medical images

Submissions presenting validation studies demonstrating clinical relevance and novel applications are encouraged as much as novel methodological contributions.

Inquiries to the program chairs can be addressed directly to [email protected].

Two-Track Submissions
Conferenc",TransNetR: Transformer-based Residual Network for Polyp Segmentation with Multi-Center Out-of-Distribution Testing,pass,accept_for_review,theme_fit,llm_content_evaluation,pass,"The submission is clearly aligned with MIDL 2023 themes: it presents a medical image segmentation method for colon polyp images, with transformer/residual deep learning and out-of-distribution evaluation on multi-center medical datasets.",TransNetR: Transformer-based Residual Network for Polyp Segmentation with Multi-Center Out-of-Distribution Testing,"The submission is clearly aligned with MIDL 2023 themes: it presents a medical image segmentation method for colon polyp images, with transformer/residual deep learning and out-of-distribution evaluation on multi-center medical datasets.","The workflow may warn about content fit or readiness, but it must not block the submission without a deterministic rule.",,,,,False,
gating_llm_0012,midl_2023_short_paper_track_2M-2-75emE_valid_baseline,MIDL 2023 Short_Paper_Track,2M-2-75emE,valid_baseline; llm_evidence_sufficiency; manual_review,valid_baseline_v1,general_submission_readiness,"You are helping the program chair of MIDL 2023 Short_Paper_Track review a draft before the author submits it. Check whether the paper raises any clear content-readiness concern that the author should fix before submission. If no serious concern is visible, keep the feedback brief and avoid inventing problems. Do not reject the paper; focus on advice the author can act on before submission.",2M-2-75emE (title unavailable in dataset cache),,,"Call for papers | MIDL 2023

We welcome submissions, as full or short papers, for the 6th edition of Medical Imaging with Deep Learning (MIDL 2023). MIDL is a forum for deep learning researchers, clinicians and health-care companies working at the intersection of machine learning and medical image analysis. MIDL 2023 will be an in-person event in Nashville, USA, if the pandemic conditions permit. At least one co-author is expected to register for the conference. The conference will be streamed online as always.

MIDL has a large scope including all areas where deep learning is used to analyze biomedical imaging data. Topics of interest include but are not limited to:
- Validation studies and deep learning applications in radiology, pathology, endoscopy, dermatology, ophthalmology, and beyond.
- Integration of imaging and clinical data
- Interpretability and explainable deep learning
- Uncertainty estimation
- Unsupervised deep learning and representation learning
- Learning with noisy labels and limited data
- Transfer learning and domain adaptation
- Image acquisition, reconstruction and synthesis
- Computer-aided detection and diagnosis
- Learning based image registration
- Segmentation of medical images

Submissions presenting validation studies demonstrating clinical relevance and novel applications are encouraged as much as novel methodological contributions.

Inquiries to the program chairs can be addressed directly to [email protected].

Two-Track Submissions
Conferenc","Xuan Zhao xz1919@imperial.ac.uk Benjamin Hou bh1511@imperial.ac.uk Department of Computing, Imperial College London, London, UK",warn,manual_review,anonymization,llm_content_evaluation,warn,"The submission text includes author names and institutional emails, which are clear identifying details in a draft marked ""Under Review"" and should be removed or anonymized before submission.","Xuan Zhao
xz1919@imperial.ac.uk
Benjamin Hou
bh1511@imperial.ac.uk
Department of Computing, Imperial College London, London, UK","Remove author names, emails, and affiliation details from the review version, and ensure any embedded PDF metadata is also anonymized.","The workflow may warn about content fit or readiness, but it must not block the submission without a deterministic rule.",,,,,False,
gating_llm_0008,log_2022_conference_0lSm-R82jBW_valid_baseline,LOG 2022 Conference,0lSm-R82jBW,valid_baseline; llm_missing_limitations; manual_review,valid_baseline_v1,general_submission_readiness,"You are helping the program chair of LOG 2022 Conference review a draft before the author submits it. Check whether the paper raises any clear content-readiness concern that the author should fix before submission. If no serious concern is visible, keep the feedback brief and avoid inventing problems. Do not reject the paper; focus on advice the author can act on before submission.",OpenReview,Promoting openness in scientific communication and the peer-review process,,"LoG 2022 : Learning on Graphs

When: Dec 8, 2022 - Dec 11, 2022
Where: Virtual
Abstract Registration Due: Sep 9, 2022
Submission Deadline: Sep 16, 2022
Notification Due: Nov 24, 2022
Final Version Due: Nov 30, 2022

Call For Papers

We welcome papers from areas broadly related to learning on graphs and geometry. The LoG conference has a proceedings track with papers published in Proceedings for Machine Learning Research (PMLR) and a non-archival extended abstract track. Papers can be submitted through OpenReview using our LaTeX style files (coming soon). Papers are reviewed double-blind, and reviews are rated for their quality by authors and area chairs. The top reviewers receive high monetary rewards, as described below.

Important Dates
(All deadlines are “Anywhere On Earth”.) September 9th, 2022: Abstract Submission Deadline (both Tracks) September 16th, 2022: Submission Deadline (both Tracks) October 20th, 2022: 2 Week Paper Revision Period Starts November 3rd, 2022: Paper Revision Period Ends November 24th, 2022: Final Decisions Released November 30th, 2022: Camera Ready Deadline December 9th, 2022: Conference Starts (Virtual, free to attend)

Proceedings Track
Accepted proceedings papers will be published in the Proceedings for Machine Learning Research (PMLR) and are eligible for our proceedings spotlights. Full proceedings papers can have up to 9 pages with unlimited pages for references and appendix. Submitted papers cannot be already published or under review in any",Table 2: Ablation results on the MD17 dataset. ... Table 2: Ablation results on the MD17 dataset. ... A.1 Proof of Lemma 2.1 ... A.1 Proof of Lemma 2.1,warn,manual_review,draft-cleanup-duplication,llm_content_evaluation,warn,"The supplied text contains repeated blocks of the same sections, tables, and appendix material, which suggests the draft still needs cleanup before submission.","Table 2: Ablation results on the MD17 dataset.
...
Table 2: Ablation results on the MD17 dataset.
...
A.1  Proof of Lemma 2.1
...
A.1  Proof of Lemma 2.1","Remove duplicated content and verify the final PDF only contains each section, table, and appendix item once.","The workflow may warn about content fit or readiness, but it must not block the submission without a deterministic rule.",,,,,False,
gating_llm_0008,log_2022_conference_0lSm-R82jBW_valid_baseline,LOG 2022 Conference,0lSm-R82jBW,valid_baseline; llm_missing_limitations; manual_review,valid_baseline_v1,general_submission_readiness,"You are helping the program chair of LOG 2022 Conference review a draft before the author submits it. Check whether the paper raises any clear content-readiness concern that the author should fix before submission. If no serious concern is visible, keep the feedback brief and avoid inventing problems. Do not reject the paper; focus on advice the author can act on before submission.",OpenReview,Promoting openness in scientific communication and the peer-review process,,"LoG 2022 : Learning on Graphs

When: Dec 8, 2022 - Dec 11, 2022
Where: Virtual
Abstract Registration Due: Sep 9, 2022
Submission Deadline: Sep 16, 2022
Notification Due: Nov 24, 2022
Final Version Due: Nov 30, 2022

Call For Papers

We welcome papers from areas broadly related to learning on graphs and geometry. The LoG conference has a proceedings track with papers published in Proceedings for Machine Learning Research (PMLR) and a non-archival extended abstract track. Papers can be submitted through OpenReview using our LaTeX style files (coming soon). Papers are reviewed double-blind, and reviews are rated for their quality by authors and area chairs. The top reviewers receive high monetary rewards, as described below.

Important Dates
(All deadlines are “Anywhere On Earth”.) September 9th, 2022: Abstract Submission Deadline (both Tracks) September 16th, 2022: Submission Deadline (both Tracks) October 20th, 2022: 2 Week Paper Revision Period Starts November 3rd, 2022: Paper Revision Period Ends November 24th, 2022: Final Decisions Released November 30th, 2022: Camera Ready Deadline December 9th, 2022: Conference Starts (Virtual, free to attend)

Proceedings Track
Accepted proceedings papers will be published in the Proceedings for Machine Learning Research (PMLR) and are eligible for our proceedings spotlights. Full proceedings papers can have up to 9 pages with unlimited pages for references and appendix. Submitted papers cannot be already published or under review in any",Graph Neural Network with Local Frame for Molecular Potential Energy Surface (a) (b) (c),warn,manual_review,draft-formatting-corruption,llm_content_evaluation,warn,"The extracted manuscript text shows broken layout and repeated fragments inside equations, figures, and table blocks, indicating the submission draft may not be in a clean final form.","Graph Neural Network with Local Frame for Molecular Potential Energy Surface





               (a)                            (b)                                       (c)","Rebuild the final manuscript PDF and inspect page breaks, figure placement, and equation rendering to ensure the exported version is clean.","The workflow may warn about content fit or readiness, but it must not block the submission without a deterministic rule.",,,,,False,
gating_llm_0014,corl_2022_conference_00OqOl4txhe_llm_evidence_sufficiency,CoRL 2022 Conference,00OqOl4txhe,llm_evidence_sufficiency; llm_missing_limitations; manual_review,llm_evidence_sufficiency_v1,evidence_quality,"You are helping the program chair of CoRL 2022 Conference review a draft before the author submits it. Check whether the paper provides enough evidence for its main claims, including experiments, comparisons, or validation details appropriate for the conference. If the evidence looks thin, give the author a specific warning and a practical fix. Do not reject the paper; focus on advice the author can act on before submission.",00OqOl4txhe (title unavailable in dataset cache),"Monocular visual-inertial odometry (VIO) is a critical problem in robotics and autonomous driving. Traditional methods solve this problem based on filtering or optimization. While being fully interpretable, they rely on manual interference and empirical parameter tuning. On the other hand, learning-based approaches allow for end-to-end training but require a large number of training data to learn millions of parameters. However, the non-interpretable and heavy models hinder the generalization...",VIO; Interpretable Learning,"CoRL 2022 : Conference on Robot Learning

When: Dec 14, 2022 - Dec 18, 2022
Where: Auckland, New Zealand
Submission Deadline: Jun 15, 2022
Notification Due: Sep 10, 2022
Final Version Due: Oct 15, 2022

Call For Papers

CoRL publishes significant original research at the intersection of robotics and machine learning. CoRL is a selective, single-track international conference addressing theory and practice of machine learning for robots (and automation: where robot prototypes are scaled for cost effectiveness, efficiency, and reliability in practice). CoRL welcomes papers in areas such as: - Use and development of reinforcement learning for control of physical robots - Imitation learning for robotics, e.g. by behavioral cloning or inverse reinforcement learning - Model-free learning for robot decision-making - Bio-inspired robot learning and control - Probabilistic learning and representation of uncertainty in robotics - Model learning, i.e., learning for robot structure and system identification - Robot state estimation, localization and mapping - Learning for Robot Task and Motion Planning - Learning for multimodal robot perception, sensor fusion, and robot vision - Learning for human-robot interaction and robot instruction by natural language, gestures as well as alternative devices - Applications of robot learning in robot manipulation, navigation, driving, flight, and other areas of robotics - Robot systems, hardware, and sensors for learning and data-driven approaches Su",,pass,accept_for_review,no_content_finding,llm_content_evaluation,pass,No chair steering concern was returned for this submission.,,,"The workflow may warn about content fit or readiness, but it must not block the submission without a deterministic rule.",,,,,False,
gating_llm_0016,iclr_2023_tinypapers_-IH_dcPGWM_valid_baseline,ICLR 2023 TinyPapers,-IH_dcPGWM,valid_baseline; llm_evidence_sufficiency; manual_review,valid_baseline_v1,general_submission_readiness,"You are helping the program chair of ICLR 2023 TinyPapers review a draft before the author submits it. Check whether the paper raises any clear content-readiness concern that the author should fix before submission. If no serious concern is visible, keep the feedback brief and avoid inventing problems. Do not reject the paper; focus on advice the author can act on before submission.",-IH_dcPGWM (title unavailable in dataset cache),,,"Call for Tiny Papers, a DEI initiative

Email: iclr.dei.2023@gmail.com

Accepted conference papers at ICLR represent a high level of scientific quality. The other side of the coin is that they can be out of reach for those starting out, or from different backgrounds. We want paper publishing to be not only a showcase of achievements, but also a marker for valuable learning experiences made accessible to beginners and outsiders. Devising more ways to mark milestones and measure growth in an individual, or community’s maturity, is greatly conducive to both continually pushing the frontiers of science, and lifting people up in this process.

Researchers from underrepresented backgrounds are not necessarily equipped with the same resources to publish full papers from the start of their scientific journeys. To create a more inclusive ICLR community, we as organizers need to create more pathways, and reasons for people from various backgrounds to enter, stay, and grow in the machine learning community.

To that end, we are launching a more approachable format to publish, kick-start, and collaborate on ideas, “Tiny Papers,” as part of the DEI initiative of ICLR 2023, with the hope to attract more underrepresented, under-resourced, and budding researchers to join the community in a meaningful way. Not only will this additional, and different, venue to publish usher in new researchers, it will also serve as an efficient platform for disseminating ideas, findings, and opinions.

The ob","Tran Phong & Hoong Chuin Lau ∗ School of Computing and Information Systems Singapore Management University 80 Stamford Rd, Singapore ... ∗Corresponding Author hclau@smu.edu.sg.",warn,manual_review,anonymization,llm_content_evaluation,warn,"The draft is not anonymized: it includes author names, affiliation, and a corresponding author email on the title page, which is a clear content-readiness issue for a blinded review submission.","Tran Phong & Hoong Chuin Lau ∗
School of Computing and Information Systems
Singapore Management University
80 Stamford Rd, Singapore
...
∗Corresponding Author hclau@smu.edu.sg.","Remove author names, affiliations, acknowledgments that identify the authors, and the corresponding author email from the submission version before uploading.","The workflow may warn about content fit or readiness, but it must not block the submission without a deterministic rule.",,,,,False,
gating_llm_0018,midl_2023_short_paper_track_3ndjE9eawkr_llm_evidence_sufficiency,MIDL 2023 Short_Paper_Track,3ndjE9eawkr,llm_evidence_sufficiency; valid_baseline; manual_review,llm_evidence_sufficiency_v1,evidence_quality,"You are helping the program chair of MIDL 2023 Short_Paper_Track review a draft before the author submits it. Check whether the paper provides enough evidence for its main claims, including experiments, comparisons, or validation details appropriate for the conference. If the evidence looks thin, give the author a specific warning and a practical fix. Do not reject the paper; focus on advice the author can act on before submission.",3ndjE9eawkr (title unavailable in dataset cache),,,"Call for papers | MIDL 2023

We welcome submissions, as full or short papers, for the 6th edition of Medical Imaging with Deep Learning (MIDL 2023). MIDL is a forum for deep learning researchers, clinicians and health-care companies working at the intersection of machine learning and medical image analysis. MIDL 2023 will be an in-person event in Nashville, USA, if the pandemic conditions permit. At least one co-author is expected to register for the conference. The conference will be streamed online as always.

MIDL has a large scope including all areas where deep learning is used to analyze biomedical imaging data. Topics of interest include but are not limited to:
- Validation studies and deep learning applications in radiology, pathology, endoscopy, dermatology, ophthalmology, and beyond.
- Integration of imaging and clinical data
- Interpretability and explainable deep learning
- Uncertainty estimation
- Unsupervised deep learning and representation learning
- Learning with noisy labels and limited data
- Transfer learning and domain adaptation
- Image acquisition, reconstruction and synthesis
- Computer-aided detection and diagnosis
- Learning based image registration
- Segmentation of medical images

Submissions presenting validation studies demonstrating clinical relevance and novel applications are encouraged as much as novel methodological contributions.

Inquiries to the program chairs can be addressed directly to [email protected].

Two-Track Submissions
Conferenc",We then combined each candidate (target) contrast with the encoded anatomical representations (β-values) of eight NMM subjects... Our post-surgery NPH (PS-NPH) dataset consists of six patients with corresponding manual delineations.,warn,manual_review,evidence_thin_generalization,llm_content_evaluation,warn,"The paper's claims about improved clinical applicability and generalizability are supported by a limited validation set: the operating contrast search uses 8 NMM subjects, and the post-surgery NPH evaluation uses only 6 patients. That is enough to show a promising effect, but it is thin evidence for broad generalization.","We then combined each candidate (target) contrast with the encoded anatomical representations (β-values) of eight NMM subjects...

Our post-surgery NPH (PS-NPH) dataset consists of six patients with corresponding manual delineations.","Add a larger and more diverse validation cohort, or clearly narrow the claim to the evaluated cohorts and present the current results as preliminary evidence.","The workflow may warn about content fit or readiness, but it must not block the submission without a deterministic rule.",,,,,False,
gating_llm_0013,uai_2022_conference_B0gGoUIiqx9_llm_missing_limitations,UAI 2022 Conference,B0gGoUIiqx9,llm_missing_limitations; llm_evidence_sufficiency; manual_review,llm_missing_limitations_v1,readiness_and_limitations,"You are helping the program chair of UAI 2022 Conference review a draft before the author submits it. Check whether the paper clearly explains its limitations, risks, and situations where the results may not hold. If this is weak or missing, give the author a specific warning and a practical fix. Do not reject the paper; focus on advice the author can act on before submission.",B0gGoUIiqx9 (title unavailable in dataset cache),,,"UAI 2022 - Call for Papers

The Conference on Uncertainty in Artificial Intelligence (UAI) is one of the premier international conferences on research related to learning and reasoning in the presence of uncertainty. The conference has been held every year since 1985. The upcoming 38th edition (UAI 2022) will be an in-person conference with virtual elements taking place in Eindhoven, The Netherlands from 1 to 5 August 2022.

We invite papers that describe novel theory, methodology and applications related to artificial intelligence, machine learning and statistics. Papers will be assessed in a rigorous double-blind peer-review process, based on the criteria of technical correctness, novelty, clarity of writing, and potential impact. Authors are strongly encouraged to make code and data available.

All accepted papers will be presented in poster sessions and spotlight presentations (physically or remotely). Selected papers will have longer presentations and an assigned discussant to foster debate. All accepted papers will be published in a volume of Proceedings of Machine Learning Research (PMLR).

Deadlines and other relevant dates can be found under important dates.

Important dates for authors:
- 25 February 2022 (23:59 UTC Anywhere on Earth, AoE): Paper submission deadline
- 19-28 April 2022: Author response and discussion period
- 16 May 2022: Author notification

Papers should be submitted on OpenReview at https://openreview.net/group?id=auai.org/UAI/2022/Conference.

We","Note that at convergence, only local optimality is guaran- teed.",warn,manual_review,limitations-and-failure-modes,llm_content_evaluation,warn,"The draft does acknowledge one important limitation: AMLE only guarantees local optimality at convergence. However, the paper does not clearly spell out the main situations where the method may fail or its assumptions may not hold, so the limitations section is still thin for a submission draft.","Note that at convergence, only local optimality is guaran- teed.","Add a short limitations subsection that explicitly states the main failure modes and assumption boundaries, such as sensitivity to initialization, dependence on the independence assumptions, and cases where the streaming/online setting is not covered by the current algorithm.","The workflow may warn about content fit or readiness, but it must not block the submission without a deterministic rule.",,,,,False,
gating_llm_0017,log_2022_conference_-vshFhHpKhX_llm_missing_limitations,LOG 2022 Conference,-vshFhHpKhX,llm_missing_limitations; llm_evidence_sufficiency; manual_review,llm_missing_limitations_v1,readiness_and_limitations,"You are helping the program chair of LOG 2022 Conference review a draft before the author submits it. Check whether the paper clearly explains its limitations, risks, and situations where the results may not hold. If this is weak or missing, give the author a specific warning and a practical fix. Do not reject the paper; focus on advice the author can act on before submission.",-vshFhHpKhX (title unavailable in dataset cache),,,"LoG 2022 : Learning on Graphs

When: Dec 8, 2022 - Dec 11, 2022
Where: Virtual
Abstract Registration Due: Sep 9, 2022
Submission Deadline: Sep 16, 2022
Notification Due: Nov 24, 2022
Final Version Due: Nov 30, 2022

Call For Papers

We welcome papers from areas broadly related to learning on graphs and geometry. The LoG conference has a proceedings track with papers published in Proceedings for Machine Learning Research (PMLR) and a non-archival extended abstract track. Papers can be submitted through OpenReview using our LaTeX style files (coming soon). Papers are reviewed double-blind, and reviews are rated for their quality by authors and area chairs. The top reviewers receive high monetary rewards, as described below.

Important Dates
(All deadlines are “Anywhere On Earth”.) September 9th, 2022: Abstract Submission Deadline (both Tracks) September 16th, 2022: Submission Deadline (both Tracks) October 20th, 2022: 2 Week Paper Revision Period Starts November 3rd, 2022: Paper Revision Period Ends November 24th, 2022: Final Decisions Released November 30th, 2022: Camera Ready Deadline December 9th, 2022: Conference Starts (Virtual, free to attend)

Proceedings Track
Accepted proceedings papers will be published in the Proceedings for Machine Learning Research (PMLR) and are eligible for our proceedings spotlights. Full proceedings papers can have up to 9 pages with unlimited pages for references and appendix. Submitted papers cannot be already published or under review in any","Limitations and future work. An advantage of the proposed approach is that it does not require any knowledge of the exact position of the attacker as the traversal of the graph takes place. One may also consider a real-time scenario in which the network reconfiguration aims to “close off” the attacker given knowledge of their location, which may lead to a more efficient defense if such information is available. We have also adopted a simple model of attacker navigation (forward random walks). Different, more complex navigation strategies (e.g., targeting vulnerable machines) can also be considered.",warn,manual_review,limitations-coverage,llm_content_evaluation,warn,"The paper includes a limitations/future-work section, but it is quite narrow: it only notes that the method does not use the attacker’s exact position and that it relies on a simple forward-random-walk attacker model. It does not clearly spell out broader situations where the reported results may not hold.","Limitations and future work. An advantage of the proposed approach is that it does not require any knowledge of the exact position of the attacker as the traversal of the graph takes place. One may also consider a real-time scenario in which the network reconfiguration aims to “close off” the attacker given knowledge of their location, which may lead to a more efficient defense if such information is available. We have also adopted a simple model of attacker navigation (forward random walks). Different, more complex navigation strategies (e.g., targeting vulnerable machines) can also be considered.","Add a short limitations paragraph that explicitly lists the main failure modes and non-applicable settings, for example: dependence on the attacker model, cases where attacker location is known, graph families where the proxy entropy objective does not track downstream disruption well, and any regimes where the generalization results may not transfer.","The workflow may warn about content fit or readiness, but it must not block the submission without a deterministic rule.",,,,,False,
gating_llm_0015,corl_2023_conference_-HFJuX1uqs_llm_scope_relevance,CoRL 2023 Conference,-HFJuX1uqs,llm_scope_relevance; llm_missing_limitations; manual_review,llm_scope_relevance_v1,conference_fit,"You are helping the program chair of CoRL 2023 Conference review a draft before the author submits it. Check whether the paper fits the conference themes and explain any mismatch the author should address before submission. If the fit is unclear, give a specific warning and a practical fix. Do not reject the paper; focus on advice the author can act on before submission.",-HFJuX1uqs (title unavailable in dataset cache),,,"Call for Papers — CoRL 2023

Call for papers

CoRL publishes significant original research at the intersection of robotics and machine learning. CoRL is a selective, single-track international conference addressing theory and practice of machine learning for robots. CoRL welcomes papers in areas such as:

Learning representations for robotic perception and control
Learning robot foundation models or general-purpose knowledge systems for robotics
Imitation learning for robotics, e.g. by behavioral cloning and/or inverse reinforcement learning
Reinforcement learning for control of physical robots
Model-based and model-free learning for robotic control and decision-making
Combination of learning- and planning-based approaches in robotics
Probabilistic learning and representation of uncertainty in robotics
Automatic robotic data generation for learning methods in robotics
Learning for Robot Task and Motion Planning
Learning for multimodal robot perception, sensor fusion, and robot vision
Learning for human-robot interaction and robot instruction by natural language, gestures as well as alternative devices
Learning for hardware design and optimization
Applications of robot learning in robot manipulation, navigation, locomotion, driving, flight, and other areas of robotics
Robot systems, hardware, and sensors for learning and data-driven approaches

Submissions should focus on a core robotics problem and demonstrate the relevance of proposed models, algorithms, datasets, and benchm","We presented Act3D, a language-conditioned policy transformer that predicts continuous resolution 3D action maps for multi-task robot manipulation.",pass,accept_for_review,corl_theme_fit,llm_content_evaluation,pass,"The submission is clearly aligned with CoRL themes: it presents a robot manipulation policy learned from demonstrations, evaluates on RLBench, and reports real-world Franka Panda experiments.","We presented Act3D, a language-conditioned policy transformer that predicts continuous resolution 3D action maps for multi-task robot manipulation.","The submission is clearly aligned with CoRL themes: it presents a robot manipulation policy learned from demonstrations, evaluates on RLBench, and reports real-world Franka Panda experiments.","The workflow may warn about content fit or readiness, but it must not block the submission without a deterministic rule.",,,,,False,
gating_llm_0020,corl_2022_conference_0nb97NQypbK_valid_baseline,CoRL 2022 Conference,0nb97NQypbK,valid_baseline; llm_missing_limitations; manual_review,valid_baseline_v1,general_submission_readiness,"You are helping the program chair of CoRL 2022 Conference review a draft before the author submits it. Check whether the paper raises any clear content-readiness concern that the author should fix before submission. If no serious concern is visible, keep the feedback brief and avoid inventing problems. Do not reject the paper; focus on advice the author can act on before submission.",0nb97NQypbK (title unavailable in dataset cache),,,"CoRL 2022 : Conference on Robot Learning

When: Dec 14, 2022 - Dec 18, 2022
Where: Auckland, New Zealand
Submission Deadline: Jun 15, 2022
Notification Due: Sep 10, 2022
Final Version Due: Oct 15, 2022

Call For Papers

CoRL publishes significant original research at the intersection of robotics and machine learning. CoRL is a selective, single-track international conference addressing theory and practice of machine learning for robots (and automation: where robot prototypes are scaled for cost effectiveness, efficiency, and reliability in practice). CoRL welcomes papers in areas such as: - Use and development of reinforcement learning for control of physical robots - Imitation learning for robotics, e.g. by behavioral cloning or inverse reinforcement learning - Model-free learning for robot decision-making - Bio-inspired robot learning and control - Probabilistic learning and representation of uncertainty in robotics - Model learning, i.e., learning for robot structure and system identification - Robot state estimation, localization and mapping - Learning for Robot Task and Motion Planning - Learning for multimodal robot perception, sensor fusion, and robot vision - Learning for human-robot interaction and robot instruction by natural language, gestures as well as alternative devices - Applications of robot learning in robot manipulation, navigation, driving, flight, and other areas of robotics - Robot systems, hardware, and sensors for learning and data-driven approaches Su","Krishan Rana1, Ming Xu1, Brendan Tidd2, Michael Milford1, Niko Sunderhauf1 ranak@qut.edu.au",warn,manual_review,anonymization,llm_content_evaluation,warn,"The draft appears to reveal author identity directly, which is a submission-readiness issue if the conference expects anonymous review materials.","Krishan Rana1, Ming Xu1, Brendan Tidd2, Michael Milford1, Niko Sunderhauf1
ranak@qut.edu.au","Remove author names, affiliations, and email addresses from the submission file and strip any identifying PDF metadata before submitting.","The workflow may warn about content fit or readiness, but it must not block the submission without a deterministic rule.",,,,,False,
gating_llm_0023,midl_2023_conference_1CyXExO15K_llm_scope_relevance,MIDL 2023 Conference,1CyXExO15K,llm_scope_relevance; llm_evidence_sufficiency; manual_review,llm_scope_relevance_v1,conference_fit,"You are helping the program chair of MIDL 2023 Conference review a draft before the author submits it. Check whether the paper fits the conference themes and explain any mismatch the author should address before submission. If the fit is unclear, give a specific warning and a practical fix. Do not reject the paper; focus on advice the author can act on before submission.",1CyXExO15K (title unavailable in dataset cache),,,"Call for papers | MIDL 2023

We welcome submissions, as full or short papers, for the 6th edition of Medical Imaging with Deep Learning (MIDL 2023). MIDL is a forum for deep learning researchers, clinicians and health-care companies working at the intersection of machine learning and medical image analysis. MIDL 2023 will be an in-person event in Nashville, USA, if the pandemic conditions permit. At least one co-author is expected to register for the conference. The conference will be streamed online as always.

MIDL has a large scope including all areas where deep learning is used to analyze biomedical imaging data. Topics of interest include but are not limited to:
- Validation studies and deep learning applications in radiology, pathology, endoscopy, dermatology, ophthalmology, and beyond.
- Integration of imaging and clinical data
- Interpretability and explainable deep learning
- Uncertainty estimation
- Unsupervised deep learning and representation learning
- Learning with noisy labels and limited data
- Transfer learning and domain adaptation
- Image acquisition, reconstruction and synthesis
- Computer-aided detection and diagnosis
- Learning based image registration
- Segmentation of medical images

Submissions presenting validation studies demonstrating clinical relevance and novel applications are encouraged as much as novel methodological contributions.

Inquiries to the program chairs can be addressed directly to [email protected].

Two-Track Submissions
Conferenc",We propose a novel personalization algorithm tailored to the feature shift induced by the usage of different scanners and acquisition parameters by different institutions.,pass,accept_for_review,MIDL2023.theme-fit,llm_content_evaluation,pass,"The submission clearly matches MIDL's medical imaging focus: it presents a method for brain tumor segmentation and evaluates it on the FeTS2022 brain MRI dataset, with federated learning as the core technique.",We propose a novel personalization algorithm tailored to the feature shift induced by the usage of different scanners and acquisition parameters by different institutions.,"The submission clearly matches MIDL's medical imaging focus: it presents a method for brain tumor segmentation and evaluates it on the FeTS2022 brain MRI dataset, with federated learning as the core technique.","The workflow may warn about content fit or readiness, but it must not block the submission without a deterministic rule.",,,,,False,
gating_llm_0024,midl_2023_short_paper_track_4E93Xdg98u_valid_baseline,MIDL 2023 Short_Paper_Track,4E93Xdg98u,valid_baseline; manual_review,valid_baseline_v1,general_submission_readiness,"You are helping the program chair of MIDL 2023 Short_Paper_Track review a draft before the author submits it. Check whether the paper raises any clear content-readiness concern that the author should fix before submission. If no serious concern is visible, keep the feedback brief and avoid inventing problems. Do not reject the paper; focus on advice the author can act on before submission.",4E93Xdg98u (title unavailable in dataset cache),,,"Call for papers | MIDL 2023

We welcome submissions, as full or short papers, for the 6th edition of Medical Imaging with Deep Learning (MIDL 2023). MIDL is a forum for deep learning researchers, clinicians and health-care companies working at the intersection of machine learning and medical image analysis. MIDL 2023 will be an in-person event in Nashville, USA, if the pandemic conditions permit. At least one co-author is expected to register for the conference. The conference will be streamed online as always.

MIDL has a large scope including all areas where deep learning is used to analyze biomedical imaging data. Topics of interest include but are not limited to:
- Validation studies and deep learning applications in radiology, pathology, endoscopy, dermatology, ophthalmology, and beyond.
- Integration of imaging and clinical data
- Interpretability and explainable deep learning
- Uncertainty estimation
- Unsupervised deep learning and representation learning
- Learning with noisy labels and limited data
- Transfer learning and domain adaptation
- Image acquisition, reconstruction and synthesis
- Computer-aided detection and diagnosis
- Learning based image registration
- Segmentation of medical images

Submissions presenting validation studies demonstrating clinical relevance and novel applications are encouraged as much as novel methodological contributions.

Inquiries to the program chairs can be addressed directly to [email protected].

Two-Track Submissions
Conferenc",Ryan Zurrin ryan.zurrin001@umb.edu Neha Goyal neha.goyal001@umb.edu Pablo Bendiksen p.bendiksen001@umb.edu Muskaan Manocha muskaan.manocha001@umb.edu Dan Simovici dan.simovici@umb.edu Nurit Haspel nurit.haspel@umb.edu Marc Pomplun marc.pomplun@umb.edu Daniel Haehn daniel.haehn@umb.edu,warn,manual_review,anonymization,llm_content_evaluation,warn,"The draft contains clear author-identifying information on the title page, including names and email addresses, which should be fixed before submission if anonymity is required for the track.","Ryan Zurrin
ryan.zurrin001@umb.edu
Neha Goyal
neha.goyal001@umb.edu
Pablo Bendiksen
p.bendiksen001@umb.edu
Muskaan Manocha
muskaan.manocha001@umb.edu
Dan Simovici
dan.simovici@umb.edu
Nurit Haspel
nurit.haspel@umb.edu
Marc Pomplun
marc.pomplun@umb.edu
Daniel Haehn
daniel.haehn@umb.edu","Remove author names, email addresses, and any identifying metadata from the submission draft before uploading.","The workflow may warn about content fit or readiness, but it must not block the submission without a deterministic rule.",,,,,False,
gating_llm_0022,log_2022_conference_-xjStp_F9o_llm_evidence_sufficiency,LOG 2022 Conference,-xjStp_F9o,llm_evidence_sufficiency; manual_review,llm_evidence_sufficiency_v1,evidence_quality,"You are helping the program chair of LOG 2022 Conference review a draft before the author submits it. Check whether the paper provides enough evidence for its main claims, including experiments, comparisons, or validation details appropriate for the conference. If the evidence looks thin, give the author a specific warning and a practical fix. Do not reject the paper; focus on advice the author can act on before submission.",-xjStp_F9o (title unavailable in dataset cache),,,"LoG 2022 : Learning on Graphs

When: Dec 8, 2022 - Dec 11, 2022
Where: Virtual
Abstract Registration Due: Sep 9, 2022
Submission Deadline: Sep 16, 2022
Notification Due: Nov 24, 2022
Final Version Due: Nov 30, 2022

Call For Papers

We welcome papers from areas broadly related to learning on graphs and geometry. The LoG conference has a proceedings track with papers published in Proceedings for Machine Learning Research (PMLR) and a non-archival extended abstract track. Papers can be submitted through OpenReview using our LaTeX style files (coming soon). Papers are reviewed double-blind, and reviews are rated for their quality by authors and area chairs. The top reviewers receive high monetary rewards, as described below.

Important Dates
(All deadlines are “Anywhere On Earth”.) September 9th, 2022: Abstract Submission Deadline (both Tracks) September 16th, 2022: Submission Deadline (both Tracks) October 20th, 2022: 2 Week Paper Revision Period Starts November 3rd, 2022: Paper Revision Period Ends November 24th, 2022: Final Decisions Released November 30th, 2022: Camera Ready Deadline December 9th, 2022: Conference Starts (Virtual, free to attend)

Proceedings Track
Accepted proceedings papers will be published in the Proceedings for Machine Learning Research (PMLR) and are eligible for our proceedings spotlights. Full proceedings papers can have up to 9 pages with unlimited pages for references and appendix. Submitted papers cannot be already published or under review in any","Please refer to the supplementary material for information about baselines, an ablation study, and additional experiment details.",warn,manual_review,main_claim_evidence,llm_content_evaluation,warn,"Several headline claims are supported by comparative tables, but the excerpt defers important validation details to the supplementary material, so the evidence for the main claims is still somewhat thin in the main paper text.","Please refer to the supplementary material for information about baselines, an ablation study, and additional experiment details.","Add the key ablation results, baseline descriptions, and essential experimental settings directly in the paper so the main claims can be checked without relying on supplementary material.","The workflow may warn about content fit or readiness, but it must not block the submission without a deterministic rule.",,,,,False,
gating_llm_0019,uai_2022_conference_B0xLpILs5ec_llm_scope_relevance,UAI 2022 Conference,B0xLpILs5ec,llm_scope_relevance; llm_evidence_sufficiency; manual_review,llm_scope_relevance_v1,conference_fit,"You are helping the program chair of UAI 2022 Conference review a draft before the author submits it. Check whether the paper fits the conference themes and explain any mismatch the author should address before submission. If the fit is unclear, give a specific warning and a practical fix. Do not reject the paper; focus on advice the author can act on before submission.",B0xLpILs5ec (title unavailable in dataset cache),,,"UAI 2022 - Call for Papers

The Conference on Uncertainty in Artificial Intelligence (UAI) is one of the premier international conferences on research related to learning and reasoning in the presence of uncertainty. The conference has been held every year since 1985. The upcoming 38th edition (UAI 2022) will be an in-person conference with virtual elements taking place in Eindhoven, The Netherlands from 1 to 5 August 2022.

We invite papers that describe novel theory, methodology and applications related to artificial intelligence, machine learning and statistics. Papers will be assessed in a rigorous double-blind peer-review process, based on the criteria of technical correctness, novelty, clarity of writing, and potential impact. Authors are strongly encouraged to make code and data available.

All accepted papers will be presented in poster sessions and spotlight presentations (physically or remotely). Selected papers will have longer presentations and an assigned discussant to foster debate. All accepted papers will be published in a volume of Proceedings of Machine Learning Research (PMLR).

Deadlines and other relevant dates can be found under important dates.

Important dates for authors:
- 25 February 2022 (23:59 UTC Anywhere on Earth, AoE): Paper submission deadline
- 19-28 April 2022: Author response and discussion period
- 16 May 2022: Author notification

Papers should be submitted on OpenReview at https://openreview.net/group?id=auai.org/UAI/2022/Conference.

We","We study fairness in the context of feature-based price discrimination in monopoly markets. We propose a new notion of individual fairness, namely, α-fairness",pass,accept_for_review,uai-theme-fit,llm_content_evaluation,pass,The submission is clearly within UAI-style AI/decision-making themes: it studies algorithmic pricing under a fairness constraint and proposes an algorithm for fair feature-based pricing.,"We study fairness in the context of feature-based price discrimination in monopoly markets. We propose a new notion of individual fairness, namely, α-fairness",The submission is clearly within UAI-style AI/decision-making themes: it studies algorithmic pricing under a fairness constraint and proposes an algorithm for fair feature-based pricing.,"The workflow may warn about content fit or readiness, but it must not block the submission without a deterministic rule.",,,,,False,
gating_llm_0021,corl_2023_conference_-K7-1WvKO3F_llm_missing_limitations,CoRL 2023 Conference,-K7-1WvKO3F,llm_missing_limitations; manual_review,llm_missing_limitations_v1,readiness_and_limitations,"You are helping the program chair of CoRL 2023 Conference review a draft before the author submits it. Check whether the paper clearly explains its limitations, risks, and situations where the results may not hold. If this is weak or missing, give the author a specific warning and a practical fix. Do not reject the paper; focus on advice the author can act on before submission.",-K7-1WvKO3F (title unavailable in dataset cache),,,"Call for Papers — CoRL 2023

Call for papers

CoRL publishes significant original research at the intersection of robotics and machine learning. CoRL is a selective, single-track international conference addressing theory and practice of machine learning for robots. CoRL welcomes papers in areas such as:

Learning representations for robotic perception and control
Learning robot foundation models or general-purpose knowledge systems for robotics
Imitation learning for robotics, e.g. by behavioral cloning and/or inverse reinforcement learning
Reinforcement learning for control of physical robots
Model-based and model-free learning for robotic control and decision-making
Combination of learning- and planning-based approaches in robotics
Probabilistic learning and representation of uncertainty in robotics
Automatic robotic data generation for learning methods in robotics
Learning for Robot Task and Motion Planning
Learning for multimodal robot perception, sensor fusion, and robot vision
Learning for human-robot interaction and robot instruction by natural language, gestures as well as alternative devices
Learning for hardware design and optimization
Applications of robot learning in robot manipulation, navigation, locomotion, driving, flight, and other areas of robotics
Robot systems, hardware, and sensors for learning and data-driven approaches

Submissions should focus on a core robotics problem and demonstrate the relevance of proposed models, algorithms, datasets, and benchm","As with many large-scale models, ViNT carries a heavier computational burden at inference time, which can present a challenge for power-constrained platforms such as quadcopters. ... Additionally, although ViNT generalizes effectively across robots in our experiments, it assumes a degree of structural similarity.",warn,manual_review,limitations_reporting,llm_content_evaluation,warn,"The paper does include a Limitations and Future Work section, but the limitations are described only briefly and at a high level; the main stated caveats are higher inference cost on power-constrained platforms and an assumption of structural similarity across robots.","As with many large-scale models, ViNT carries a heavier computational burden at inference time, which can present a challenge for power-constrained platforms such as quadcopters. ... Additionally, although ViNT generalizes effectively across robots in our experiments, it assumes a degree of structural similarity.","Expand this section with a few concrete failure cases and boundaries of applicability, and state explicitly where users should not expect the results to hold (for example, low-power robots, robots with very different morphologies, or settings outside the evaluated environments).","The workflow may warn about content fit or readiness, but it must not block the submission without a deterministic rule.",,,,,False,
